{
  "timestamp": "20251104_1311",
  "environment": "Walker2DBulletEnv-v0",
  "total_episodes": 2,
  "max_steps": 2000,
  "mean_reward": 2364.347385559323,
  "max_reward": 2365.5588163052103,
  "min_reward": 2363.135954813436,
  "episodes": [
    {
      "episode": 1,
      "steps": 1000,
      "reward": 2365.5588163052103
    },
    {
      "episode": 2,
      "steps": 1000,
      "reward": 2363.135954813436
    }
  ]
}