{
  "timestamp": "20251104_1310",
  "environment": "walker2d",
  "agent": "ppo",
  "n_episodes": 10,
  "mean_reward": 1903.7879707473712,
  "std_reward": 897.1672684408312,
  "max_reward": 2403.87794431204,
  "min_reward": 92.65516546276778,
  "avg_episode_length": 814.6,
  "episode_rewards": [
    2378.430018018993,
    2304.080649510859,
    2375.1803429770807,
    2403.87794431204,
    2353.192865728791,
    128.22797775800862,
    2359.5746984967523,
    2327.1034792751643,
    2315.556565933258,
    92.65516546276778
  ],
  "episode_lengths": [
    1000,
    1000,
    1000,
    1000,
    1000,
    82,
    1000,
    1000,
    1000,
    64
  ]
}