{
  "timestamp": "20251004_1810",
  "environment": "bipedalwalker",
  "agent": "ppo",
  "n_episodes": 10,
  "mean_reward": 300.8828125,
  "std_reward": 0.6789625883102417,
  "max_reward": 302.187744140625,
  "min_reward": 299.85211181640625,
  "avg_episode_length": 1233.7,
  "episode_rewards": [
    299.94677734375,
    300.3924560546875,
    302.187744140625,
    301.073486328125,
    301.0468444824219,
    300.9354248046875,
    301.1622009277344,
    300.6279602050781,
    301.603271484375,
    299.85211181640625
  ],
  "episode_lengths": [
    1269,
    1243,
    1242,
    1204,
    1239,
    1282,
    1232,
    1199,
    1206,
    1221
  ]
}