{
  "timestamp": "20251103_2045",
  "environment": "walker2d",
  "agent": "ppo",
  "n_episodes": 10,
  "mean_reward": 1016.3791520455432,
  "std_reward": 3.900831302386041,
  "max_reward": 1021.5917422460802,
  "min_reward": 1006.1282006065529,
  "avg_episode_length": 1000.0,
  "episode_rewards": [
    1017.4519386481002,
    1016.6033735347878,
    1020.0026082942795,
    1014.8153237895547,
    1016.9914631991318,
    1021.5917422460802,
    1006.1282006065529,
    1015.9778379046243,
    1016.2432792078923,
    1017.9857530244285
  ],
  "episode_lengths": [
    1000,
    1000,
    1000,
    1000,
    1000,
    1000,
    1000,
    1000,
    1000,
    1000
  ]
}