{
  "timestamp": "20251008_0334",
  "environment": "bipedalwalker",
  "agent": "ppo",
  "n_episodes": 10,
  "mean_reward": 300.80535888671875,
  "std_reward": 1.9364761114120483,
  "max_reward": 303.390380859375,
  "min_reward": 296.26934814453125,
  "avg_episode_length": 1285.7,
  "episode_rewards": [
    303.390380859375,
    296.26934814453125,
    300.591552734375,
    300.587646484375,
    302.92431640625,
    300.4829406738281,
    299.4164733886719,
    300.3436584472656,
    301.5522766113281,
    302.4949035644531
  ],
  "episode_lengths": [
    1236,
    1339,
    1321,
    1291,
    1259,
    1326,
    1316,
    1290,
    1244,
    1235
  ]
}