{
  "timestamp": "20251019_1441",
  "environment": "pendulum",
  "agent": "ppo",
  "n_episodes": 10,
  "mean_reward": -153.73407565419467,
  "std_reward": 102.78903121183573,
  "max_reward": -0.38814784376989775,
  "min_reward": -321.15205126827334,
  "avg_episode_length": 200.0,
  "episode_rewards": [
    -122.5614740130226,
    -321.15205126827334,
    -117.08483916669388,
    -121.82572258720019,
    -244.76974889568623,
    -232.60099394956305,
    -261.17903267639844,
    -0.38814784376989775,
    -1.5212118615912757,
    -114.25753427974756
  ],
  "episode_lengths": [
    200,
    200,
    200,
    200,
    200,
    200,
    200,
    200,
    200,
    200
  ]
}