{
  "timestamp": "20251102_2319",
  "environment": "lunarlandercontinuous",
  "agent": "sac",
  "n_episodes": 10,
  "mean_reward": 262.7646846052281,
  "std_reward": 17.357328935150388,
  "max_reward": 289.5744726373429,
  "min_reward": 229.48842931784804,
  "avg_episode_length": 270.6,
  "episode_rewards": [
    289.5744726373429,
    264.9954646247231,
    278.2594483803567,
    239.16044740768916,
    254.58117606300772,
    273.2874552373986,
    276.74456573114264,
    229.48842931784804,
    262.0889562510548,
    259.46643040171716
  ],
  "episode_lengths": [
    302,
    222,
    218,
    380,
    282,
    212,
    243,
    436,
    203,
    208
  ]
}