{
  "timestamp": "20251003_1636",
  "environment": "bipedalwalker",
  "agent": "ppo",
  "n_episodes": 10,
  "mean_reward": 282.8771667480469,
  "std_reward": 53.233978271484375,
  "max_reward": 302.3590393066406,
  "min_reward": 123.23619079589844,
  "avg_episode_length": 1215.3,
  "episode_rewards": [
    302.1421203613281,
    301.37969970703125,
    299.4131164550781,
    300.3538818359375,
    302.3590393066406,
    302.3454284667969,
    123.23619079589844,
    299.80255126953125,
    297.3855895996094,
    300.354248046875
  ],
  "episode_lengths": [
    1242,
    1234,
    1248,
    1252,
    1177,
    1209,
    940,
    1274,
    1298,
    1279
  ]
}