{
  "timestamp": "20251004_1953",
  "environment": "bipedalwalker",
  "agent": "ppo",
  "n_episodes": 10,
  "mean_reward": 301.11492919921875,
  "std_reward": 1.6185166835784912,
  "max_reward": 303.40142822265625,
  "min_reward": 297.74871826171875,
  "avg_episode_length": 1240.5,
  "episode_rewards": [
    303.1759948730469,
    299.9953918457031,
    301.8114013671875,
    303.40142822265625,
    302.4269104003906,
    300.5169677734375,
    301.40155029296875,
    300.7056579589844,
    297.74871826171875,
    299.96533203125
  ],
  "episode_lengths": [
    1243,
    1286,
    1213,
    1206,
    1231,
    1226,
    1249,
    1247,
    1272,
    1232
  ]
}