{
  "timestamp": "20251024_2331",
  "environment": "lunarlandercontinuous",
  "agent": "sac",
  "n_episodes": 10,
  "mean_reward": 167.24589365169567,
  "std_reward": 106.40819366545853,
  "max_reward": 276.0828401335383,
  "min_reward": -90.34454567637148,
  "avg_episode_length": 691.7,
  "episode_rewards": [
    226.67735905157934,
    236.54870688137666,
    276.0828401335383,
    59.90035330226666,
    233.63327394031162,
    -90.34454567637148,
    193.31853679224528,
    224.90525002227673,
    98.85927231711834,
    212.8778897526152
  ],
  "episode_lengths": [
    615,
    593,
    316,
    985,
    591,
    1000,
    671,
    605,
    1000,
    541
  ]
}