{
  "timestamp": "20251008_0319",
  "environment": "BipedalWalker-v3",
  "total_episodes": 1,
  "max_steps": 2000,
  "mean_reward": 305.4961242675781,
  "max_reward": 305.4961242675781,
  "min_reward": 305.4961242675781,
  "episodes": [
    {
      "episode": 1,
      "steps": 1155,
      "reward": 305.4961242675781
    }
  ]
}