{
  "timestamp": "20251008_0317",
  "environment": "bipedalwalker",
  "agent": "ppo",
  "n_episodes": 10,
  "mean_reward": 278.1985778808594,
  "std_reward": 72.15756225585938,
  "max_reward": 303.5055236816406,
  "min_reward": 61.7406005859375,
  "avg_episode_length": 1131.5,
  "episode_rewards": [
    302.0205383300781,
    61.7406005859375,
    301.1490783691406,
    302.0169677734375,
    303.5055236816406,
    303.2048034667969,
    300.738037109375,
    302.8973083496094,
    302.8782958984375,
    301.8345031738281
  ],
  "episode_lengths": [
    1208,
    687,
    1184,
    1160,
    1172,
    1183,
    1175,
    1175,
    1198,
    1173
  ]
}