{
  "timestamp": "20251008_0304",
  "environment": "BipedalWalker-v3",
  "total_episodes": 4,
  "max_steps": 2000,
  "mean_reward": -74.0322813987732,
  "max_reward": -19.151525497436523,
  "min_reward": -92.40866088867188,
  "episodes": [
    {
      "episode": 1,
      "steps": 125,
      "reward": -92.23645782470703
    },
    {
      "episode": 2,
      "steps": 128,
      "reward": -92.40866088867188
    },
    {
      "episode": 3,
      "steps": 1600,
      "reward": -19.151525497436523
    },
    {
      "episode": 4,
      "steps": 131,
      "reward": -92.33248138427734
    }
  ]
}