{
  "timestamp": "20251026_1817",
  "environment": "lunarlander",
  "agent": "dqn",
  "n_episodes": 10,
  "mean_reward": -11.75415796734112,
  "std_reward": 87.34238065306398,
  "max_reward": 142.08413417471093,
  "min_reward": -184.09509195370242,
  "avg_episode_length": 883.5,
  "episode_rewards": [
    87.6748413204892,
    -22.650398332700902,
    -13.261417958272688,
    43.08188824413139,
    -3.8334890190605844,
    -4.122814691824171,
    -184.09509195370242,
    -89.45835964145239,
    -72.96087181572955,
    142.08413417471093
  ],
  "episode_lengths": [
    976,
    1000,
    1000,
    212,
    1000,
    1000,
    912,
    760,
    1000,
    975
  ]
}