{
  "timestamp": "20251019_1545",
  "environment": "lunarlandercontinuous",
  "agent": "ppo",
  "n_episodes": 10,
  "mean_reward": 256.8320859841762,
  "std_reward": 19.017370603675747,
  "max_reward": 288.12165445221336,
  "min_reward": 229.446105087556,
  "avg_episode_length": 416.3,
  "episode_rewards": [
    239.5090081526629,
    238.12532212452516,
    281.85444587866107,
    278.47957099415663,
    258.4500100214931,
    245.75936146962627,
    229.446105087556,
    255.81082260792152,
    288.12165445221336,
    252.76455905294594
  ],
  "episode_lengths": [
    507,
    617,
    317,
    318,
    312,
    364,
    555,
    499,
    343,
    331
  ]
}