{
  "timestamp": "20251004_2023",
  "environment": "bipedalwalker",
  "agent": "ppo",
  "n_episodes": 10,
  "mean_reward": -92.95464324951172,
  "std_reward": 0.3964790403842926,
  "max_reward": -92.76239013671875,
  "min_reward": -94.1384506225586,
  "avg_episode_length": 110.2,
  "episode_rewards": [
    -92.78782653808594,
    -92.89947509765625,
    -94.1384506225586,
    -92.83782196044922,
    -92.81977844238281,
    -92.82393646240234,
    -92.86625671386719,
    -92.76239013671875,
    -92.77906799316406,
    -92.83149719238281
  ],
  "episode_lengths": [
    110,
    112,
    113,
    110,
    111,
    108,
    109,
    110,
    109,
    110
  ]
}