{
  "timestamp": "20260119_1725",
  "environment": "pendulum",
  "agent": "ppo",
  "n_episodes": 10,
  "mean_reward": -158.7640230819946,
  "std_reward": 76.33618992255481,
  "max_reward": -0.3995942715467312,
  "min_reward": -249.4401596312147,
  "avg_episode_length": 200.0,
  "episode_rewards": [
    -120.15773563739573,
    -126.13713636768735,
    -234.1477903770066,
    -122.92115255872342,
    -128.34380090212525,
    -238.04195705956187,
    -243.02393353520324,
    -0.3995942715467312,
    -125.02697047948115,
    -249.4401596312147
  ],
  "episode_lengths": [
    200,
    200,
    200,
    200,
    200,
    200,
    200,
    200,
    200,
    200
  ]
}