{
  "timestamp": "20251024_2149",
  "environment": "BipedalWalker-v3",
  "total_episodes": 2,
  "max_steps": 2000,
  "mean_reward": 271.78710174560547,
  "max_reward": 298.9070739746094,
  "min_reward": 244.66712951660156,
  "episodes": [
    {
      "episode": 2,
      "steps": 1099,
      "reward": 298.9070739746094
    },
    {
      "episode": 3,
      "steps": 901,
      "reward": 244.66712951660156
    }
  ]
}