{
  "timestamp": "20251024_2147",
  "environment": "bipedalwalker",
  "agent": "ppo",
  "n_episodes": 10,
  "mean_reward": 299.4312438964844,
  "std_reward": 1.5125432014465332,
  "max_reward": 301.9861145019531,
  "min_reward": 296.23095703125,
  "avg_episode_length": 1091.6,
  "episode_rewards": [
    299.3110046386719,
    298.21807861328125,
    299.1427917480469,
    300.0851745605469,
    301.9861145019531,
    299.57196044921875,
    296.23095703125,
    300.87335205078125,
    300.4493713378906,
    298.44354248046875
  ],
  "episode_lengths": [
    1097,
    1115,
    1110,
    1063,
    1045,
    1084,
    1147,
    1069,
    1059,
    1127
  ]
}