{
  "timestamp": "20251029_0029",
  "environment": "ant",
  "agent": "ppo",
  "n_episodes": 10,
  "mean_reward": 2680.4291806704828,
  "std_reward": 22.95594107452143,
  "max_reward": 2725.314463901452,
  "min_reward": 2648.7548223789468,
  "avg_episode_length": 1000.0,
  "episode_rewards": [
    2680.405294065541,
    2648.7548223789468,
    2725.314463901452,
    2665.386659969013,
    2679.2542985389414,
    2649.5810490583867,
    2671.933832539584,
    2688.900158160688,
    2684.078311159484,
    2710.682916932791
  ],
  "episode_lengths": [
    1000,
    1000,
    1000,
    1000,
    1000,
    1000,
    1000,
    1000,
    1000,
    1000
  ]
}