{
  "timestamp": "20251029_1957",
  "environment": "walker2d",
  "agent": "td3",
  "n_episodes": 10,
  "mean_reward": 988.0945150580421,
  "std_reward": 18.486998390469687,
  "max_reward": 1005.3908710881495,
  "min_reward": 934.455357033758,
  "avg_episode_length": 1000.0,
  "episode_rewards": [
    991.1247837565691,
    993.0168259335138,
    992.324998531246,
    988.9949392577696,
    990.0777362061157,
    994.0167074028489,
    934.455357033758,
    1005.3908710881495,
    999.7946356024605,
    991.7482957679904
  ],
  "episode_lengths": [
    1000,
    1000,
    1000,
    1000,
    1000,
    1000,
    1000,
    1000,
    1000,
    1000
  ]
}