{
  "timestamp": "20251025_1520",
  "environment": "Pendulum-v1",
  "total_episodes": 3,
  "max_steps": 600,
  "mean_reward": -126.88911827526977,
  "max_reward": -125.56003624880995,
  "min_reward": -127.80361964089012,
  "episodes": [
    {
      "episode": 2,
      "steps": 200,
      "reward": -127.80361964089012
    },
    {
      "episode": 4,
      "steps": 200,
      "reward": -127.30369893610921
    },
    {
      "episode": 6,
      "steps": 200,
      "reward": -125.56003624880995
    }
  ]
}