{
  "timestamp": "20251029_0126",
  "environment": "hopper",
  "agent": "ppo",
  "n_episodes": 10,
  "mean_reward": 2533.323823164458,
  "std_reward": 19.137580718408167,
  "max_reward": 2557.6663381099074,
  "min_reward": 2482.1243540044616,
  "avg_episode_length": 1000.0,
  "episode_rewards": [
    2540.63183515752,
    2543.4332932753223,
    2536.5513183069256,
    2534.4928335222576,
    2528.8630167386646,
    2482.1243540044616,
    2557.6663381099074,
    2540.752833879631,
    2544.458066029399,
    2524.2643426204927
  ],
  "episode_lengths": [
    1000,
    1000,
    1000,
    1000,
    1000,
    1000,
    1000,
    1000,
    1000,
    1000
  ]
}