{
  "timestamp": "20251024_2205",
  "environment": "pendulum",
  "agent": "sac",
  "n_episodes": 10,
  "mean_reward": -153.4728132218589,
  "std_reward": 113.85419785649287,
  "max_reward": -1.0204707852209876,
  "min_reward": -348.9247360826283,
  "avg_episode_length": 200.0,
  "episode_rewards": [
    -129.60619364316705,
    -339.4805953019898,
    -348.9247360826283,
    -117.55833090638711,
    -121.51163560204112,
    -127.04334401302064,
    -118.58806672667643,
    -229.30644312439972,
    -1.688316033057626,
    -1.0204707852209876
  ],
  "episode_lengths": [
    200,
    200,
    200,
    200,
    200,
    200,
    200,
    200,
    200,
    200
  ]
}