{
  "timestamp": "20260119_1722",
  "environment": "bipedalwalker",
  "agent": "ppo",
  "n_episodes": 10,
  "mean_reward": 260.9851513643147,
  "std_reward": 102.37855270007952,
  "max_reward": 297.20261984005526,
  "min_reward": -46.11431791671489,
  "avg_episode_length": 1031.0,
  "episode_rewards": [
    295.83910752758294,
    291.80515132632115,
    296.2949707651749,
    293.65808026800664,
    297.20261984005526,
    293.3359757611597,
    -46.11431791671489,
    295.8292761949823,
    295.7727817661437,
    296.22786811043494
  ],
  "episode_lengths": [
    1121,
    1168,
    1091,
    1114,
    1105,
    1129,
    281,
    1107,
    1097,
    1097
  ]
}