{
  "timestamp": "20251028_1706",
  "environment": "Pendulum-v1",
  "total_episodes": 3,
  "max_steps": 600,
  "mean_reward": -118.29714405443906,
  "max_reward": -115.8450565765552,
  "min_reward": -120.55048840968456,
  "episodes": [
    {
      "episode": 2,
      "steps": 200,
      "reward": -115.8450565765552
    },
    {
      "episode": 4,
      "steps": 200,
      "reward": -120.55048840968456
    },
    {
      "episode": 6,
      "steps": 200,
      "reward": -118.4958871770774
    }
  ]
}