{
  "timestamp": "20251028_1706",
  "environment": "pendulum",
  "agent": "td3",
  "n_episodes": 10,
  "mean_reward": -167.64327200972258,
  "std_reward": 95.9101748484783,
  "max_reward": -1.2633767673685674,
  "min_reward": -358.0046960351585,
  "avg_episode_length": 200.0,
  "episode_rewards": [
    -1.2633767673685674,
    -116.31183385137574,
    -243.46827172432288,
    -229.95633877990332,
    -358.0046960351585,
    -119.33369277140858,
    -121.00028899954286,
    -116.73121238449528,
    -248.75826652095972,
    -121.60474226269014
  ],
  "episode_lengths": [
    200,
    200,
    200,
    200,
    200,
    200,
    200,
    200,
    200,
    200
  ]
}