{
  "timestamp": "20251019_1531",
  "environment": "pendulum",
  "agent": "ppo",
  "n_episodes": 10,
  "mean_reward": -145.8186359116096,
  "std_reward": 60.714852056155074,
  "max_reward": -117.90625548531098,
  "min_reward": -327.7066868777111,
  "avg_episode_length": 200.0,
  "episode_rewards": [
    -130.0040309683448,
    -127.43376623605046,
    -124.04910287260068,
    -126.66514507940956,
    -117.90625548531098,
    -128.97709992779522,
    -126.11806628109656,
    -327.7066868777111,
    -123.10881107213768,
    -126.21739431563886
  ],
  "episode_lengths": [
    200,
    200,
    200,
    200,
    200,
    200,
    200,
    200,
    200,
    200
  ]
}