{
  "timestamp": "20251029_0151",
  "environment": "walker2d",
  "agent": "ppo",
  "n_episodes": 10,
  "mean_reward": 921.0918905952218,
  "std_reward": 228.7773094597571,
  "max_reward": 999.5794831893622,
  "min_reward": 234.7758641081178,
  "avg_episode_length": 923.2,
  "episode_rewards": [
    234.7758641081178,
    998.0945933956112,
    999.3420086029846,
    996.1223210858462,
    996.9914512796909,
    996.1836433634372,
    996.7941896326131,
    998.7614781005656,
    994.2738731939896,
    999.5794831893622
  ],
  "episode_lengths": [
    232,
    1000,
    1000,
    1000,
    1000,
    1000,
    1000,
    1000,
    1000,
    1000
  ]
}