{
  "timestamp": "20251025_1522",
  "environment": "LunarLander-v3",
  "total_episodes": 4,
  "max_steps": 2000,
  "mean_reward": 43.4411125485686,
  "max_reward": 271.17618208494116,
  "min_reward": -304.94272681056987,
  "episodes": [
    {
      "episode": 2,
      "steps": 463,
      "reward": 271.17618208494116
    },
    {
      "episode": 4,
      "steps": 765,
      "reward": -304.94272681056987
    },
    {
      "episode": 6,
      "steps": 701,
      "reward": 136.2154467782554
    },
    {
      "episode": 7,
      "steps": 71,
      "reward": 71.31554814164771
    }
  ]
}