{
  "timestamp": "20251028_1729",
  "environment": "pendulum",
  "agent": "ddpg",
  "n_episodes": 10,
  "mean_reward": -154.92042351878288,
  "std_reward": 76.2298484932575,
  "max_reward": -1.4418128769766962,
  "min_reward": -258.6453487981218,
  "avg_episode_length": 200.0,
  "episode_rewards": [
    -121.12519702949821,
    -1.4418128769766962,
    -216.8818319051253,
    -258.6453487981218,
    -117.2452981384807,
    -231.63098336616324,
    -118.90169878001018,
    -243.0902818025728,
    -117.22191706245634,
    -123.01986542842306
  ],
  "episode_lengths": [
    200,
    200,
    200,
    200,
    200,
    200,
    200,
    200,
    200,
    200
  ]
}