{
  "timestamp": "20251029_0103",
  "environment": "halfcheetah",
  "agent": "ppo",
  "n_episodes": 10,
  "mean_reward": 2025.0571471390533,
  "std_reward": 28.157236472997813,
  "max_reward": 2087.72387095225,
  "min_reward": 1991.3466842845512,
  "avg_episode_length": 1000.0,
  "episode_rewards": [
    2005.6559546871151,
    2038.1042105288604,
    2006.6914663242158,
    1991.3466842845512,
    1998.1291946971896,
    2020.1853124715278,
    2010.9251560660286,
    2036.8758850410163,
    2087.72387095225,
    2054.933736337778
  ],
  "episode_lengths": [
    1000,
    1000,
    1000,
    1000,
    1000,
    1000,
    1000,
    1000,
    1000,
    1000
  ]
}