{
  "timestamp": "20251104_0828",
  "environment": "walker2d",
  "agent": "ppo",
  "n_episodes": 10,
  "mean_reward": 1007.4175653488268,
  "std_reward": 27.027821682443506,
  "max_reward": 1022.7426271727329,
  "min_reward": 927.0055564409482,
  "avg_episode_length": 1000.0,
  "episode_rewards": [
    1020.3561001168957,
    1012.0803507540325,
    1015.1091267991792,
    1020.2937827631567,
    1014.9474152991995,
    927.0055564409482,
    1011.9917180676719,
    1015.9716343994882,
    1013.6773416749623,
    1022.7426271727329
  ],
  "episode_lengths": [
    1000,
    1000,
    1000,
    1000,
    1000,
    1000,
    1000,
    1000,
    1000,
    1000
  ]
}