{
  "timestamp": "20251019_1452",
  "environment": "lunarlander",
  "agent": "ppo",
  "n_episodes": 10,
  "mean_reward": 168.67423978190666,
  "std_reward": 100.86808223679128,
  "max_reward": 264.80101359335924,
  "min_reward": -34.198651416061324,
  "avg_episode_length": 470.8,
  "episode_rewards": [
    230.5265726768078,
    141.38231772786747,
    254.78360621428044,
    264.80101359335924,
    145.75933652839973,
    220.03212698740475,
    -34.198651416061324,
    249.1476365683967,
    1.9522259377415168,
    212.55621300087023
  ],
  "episode_lengths": [
    397,
    1000,
    453,
    383,
    580,
    361,
    329,
    455,
    352,
    398
  ]
}