{
  "timestamp": "20251008_0117",
  "environment": "bipedalwalker",
  "agent": "ppo",
  "n_episodes": 10,
  "mean_reward": -85.11170196533203,
  "std_reward": 21.808761596679688,
  "max_reward": -19.685876846313477,
  "min_reward": -92.4740219116211,
  "avg_episode_length": 275.2,
  "episode_rewards": [
    -92.30825805664062,
    -92.46893310546875,
    -19.685876846313477,
    -92.46085357666016,
    -92.4740219116211,
    -92.40936279296875,
    -92.31519317626953,
    -92.36283874511719,
    -92.20620727539062,
    -92.42547607421875
  ],
  "episode_lengths": [
    126,
    127,
    1600,
    124,
    130,
    131,
    131,
    130,
    129,
    124
  ]
}