{
  "timestamp": "20251104_1638",
  "environment": "walker2d",
  "agent": "ppo",
  "n_episodes": 10,
  "mean_reward": 2049.765172012443,
  "std_reward": 653.0298694796128,
  "max_reward": 2324.9466709033627,
  "min_reward": 94.09131470182328,
  "avg_episode_length": 908.6,
  "episode_rewards": [
    2258.172287521808,
    2238.207505026716,
    2187.098188315402,
    94.09131470182328,
    2269.340750685416,
    2254.608199690185,
    2296.81870575437,
    2252.9377391434373,
    2321.4303583819124,
    2324.9466709033627
  ],
  "episode_lengths": [
    1000,
    1000,
    1000,
    86,
    1000,
    1000,
    1000,
    1000,
    1000,
    1000
  ]
}