{
  "timestamp": "20251008_0319",
  "environment": "bipedalwalker",
  "agent": "ppo",
  "n_episodes": 10,
  "mean_reward": 272.16168212890625,
  "std_reward": 90.77362823486328,
  "max_reward": 303.05792236328125,
  "min_reward": -0.15489959716796875,
  "avg_episode_length": 1104.0,
  "episode_rewards": [
    303.05792236328125,
    -0.15489959716796875,
    302.4890441894531,
    302.63824462890625,
    302.59173583984375,
    301.1326599121094,
    302.96624755859375,
    302.0638122558594,
    302.4010009765625,
    302.431396484375
  ],
  "episode_lengths": [
    1164,
    476,
    1163,
    1168,
    1178,
    1175,
    1176,
    1173,
    1180,
    1187
  ]
}