{
  "timestamp": "20251019_1516",
  "environment": "pendulum",
  "agent": "ppo",
  "n_episodes": 10,
  "mean_reward": -146.410003496858,
  "std_reward": 50.8760621129602,
  "max_reward": -115.98815143359471,
  "min_reward": -251.39514389322585,
  "avg_episode_length": 200.0,
  "episode_rewards": [
    -124.42322044593887,
    -115.98815143359471,
    -120.10522916090098,
    -119.79840009036086,
    -116.60000445347606,
    -251.39514389322585,
    -244.43946965016926,
    -120.38160452856381,
    -124.71634431329618,
    -126.25246699905328
  ],
  "episode_lengths": [
    200,
    200,
    200,
    200,
    200,
    200,
    200,
    200,
    200,
    200
  ]
}